{"cameraMode":{"drawMode":0,"name":"Shaded","section":"Shading Mode"},"sceneLighting":true,"audioPlay":false,"sceneViewState":{"showFog":false,"showMaterialUpdate":true,"showSkybox":false,"showFlares":true,"showImageEffects":true,"showParticleSystems":true},"in2DMode":false,"pivot":{"x":0.07335209846496582,"y":5.525190830230713,"z":-3.0864477157592775},"rotation":{"x":0.00849080178886652,"y":0.9902868866920471,"z":-0.07023928314447403,"w":0.11971081793308258},"size":5.793973445892334,"orthographic":false}