{"cameraMode":{"drawMode":0,"name":"Shaded","section":"Shading Mode"},"sceneLighting":true,"audioPlay":false,"sceneViewState":{"showFog":false,"showMaterialUpdate":true,"showSkybox":false,"showFlares":true,"showImageEffects":true,"showParticleSystems":true},"in2DMode":false,"pivot":{"x":2.3248841762542726,"y":5.5687737464904789,"z":-2.540410041809082},"rotation":{"x":0.00849080178886652,"y":0.9902868866920471,"z":-0.07023928314447403,"w":0.11971081793308258},"size":6.695260524749756,"orthographic":false}