{"cameraMode":{"drawMode":0,"name":"Shaded","section":"Shading Mode"},"sceneLighting":true,"audioPlay":false,"sceneViewState":{"showFog":false,"showMaterialUpdate":true,"showSkybox":false,"showFlares":true,"showImageEffects":true,"showParticleSystems":true},"in2DMode":false,"pivot":{"x":0.015784025192260743,"y":0.08830559253692627,"z":-0.2661714553833008},"rotation":{"x":-0.00218590279109776,"y":0.9975808262825012,"z":-0.05873500928282738,"w":-0.03712617605924606},"size":2.274724006652832,"orthographic":false}